tanggal,wisata di bandung,tiket kereta ke jakarta,villa puncak,hotel bandung,hotel jakarta
1/1/2019,34,2,12,59,36
1/2/2019,19,2,12,56,37
1/3/2019,18,2,11,54,35
1/4/2019,17,3,13,53,37
1/5/2019,17,2,12,50,30
1/6/2019,15,2,10,41,30
1/7/2019,11,2,8,39,30
1/8/2019,12,2,10,36,35
1/9/2019,9,2,9,41,40
1/10/2019,11,2,9,37,38
1/11/2019,10,1,9,42,37
1/12/2019,12,2,10,41,36
1/13/2019,13,1,11,31,31
1/14/2019,10,2,10,35,38
1/15/2019,8,2,8,37,36
1/16/2019,9,3,7,32,40
1/17/2019,10,3,8,37,37
1/18/2019,9,0,10,46,38
1/19/2019,14,2,11,44,36
1/20/2019,13,2,10,34,32
1/21/2019,8,2,11,38,40
1/22/2019,7,2,7,38,36
1/23/2019,9,1,9,36,35
1/24/2019,7,0,10,39,35
1/25/2019,10,2,7,43,39
1/26/2019,11,2,10,42,38
1/27/2019,11,2,9,35,33
1/28/2019,8,1,7,33,36
1/29/2019,9,2,7,34,35
1/30/2019,10,0,7,35,35
1/31/2019,8,0,7,37,32
2/1/2019,11,0,7,45,36
2/2/2019,14,2,10,46,35
2/3/2019,15,2,9,37,27
2/4/2019,16,1,9,37,34
2/5/2019,14,2,8,35,31
2/6/2019,8,0,6,33,33
2/7/2019,9,0,8,43,36
2/8/2019,10,0,9,43,35
2/9/2019,11,2,10,38,33
2/10/2019,12,2,9,33,28
2/11/2019,8,2,7,34,34
2/12/2019,7,1,5,36,34
2/13/2019,9,2,8,37,36
2/14/2019,7,2,8,36,37
2/15/2019,8,0,7,39,36
2/16/2019,10,3,10,37,34
2/17/2019,10,2,7,36,38
2/18/2019,8,2,8,38,35
2/19/2019,7,1,7,31,37
2/20/2019,7,1,8,35,34
2/21/2019,8,2,7,39,38
2/22/2019,10,0,9,42,37
2/23/2019,13,3,9,42,37
2/24/2019,10,2,6,36,30
2/25/2019,8,2,9,36,34
2/26/2019,8,2,8,32,33
2/27/2019,7,2,6,32,35
2/28/2019,7,2,7,35,36
3/1/2019,8,2,6,39,37
3/2/2019,12,2,9,43,36
3/3/2019,10,2,9,31,28
3/4/2019,9,2,7,37,37
3/5/2019,8,3,8,36,37
3/6/2019,10,2,7,37,34
3/7/2019,12,2,10,35,30
3/8/2019,10,2,7,39,34
3/9/2019,11,2,9,40,32
3/10/2019,8,2,8,34,29
3/11/2019,6,3,8,35,38
3/12/2019,6,1,5,35,33
3/13/2019,8,1,7,36,35
3/14/2019,8,1,8,33,32
3/15/2019,9,3,9,41,35
3/16/2019,12,1,9,41,35
3/17/2019,10,2,8,28,32
3/18/2019,7,2,8,37,36
3/19/2019,6,2,8,36,40
3/20/2019,7,1,7,35,36
3/21/2019,8,2,7,39,35
3/22/2019,8,2,9,39,37
3/23/2019,11,2,10,43,36
3/24/2019,13,3,10,34,30
3/25/2019,8,3,9,36,37
3/26/2019,9,2,7,41,38
3/27/2019,7,2,8,36,46
3/28/2019,9,2,6,41,36
3/29/2019,10,2,8,43,39
3/30/2019,16,0,10,46,40
3/31/2019,11,2,8,36,32
4/1/2019,10,0,8,39,37
4/2/2019,13,0,10,40,34
4/3/2019,13,2,10,39,33
4/4/2019,10,2,9,41,37
4/5/2019,10,2,9,44,39
4/6/2019,12,2,9,43,39
4/7/2019,13,0,11,36,38
4/8/2019,8,2,10,39,39
4/9/2019,8,2,9,34,36
4/10/2019,9,2,9,36,40
4/11/2019,8,3,8,37,37
4/12/2019,9,0,7,40,39
4/13/2019,12,0,11,42,39
4/14/2019,10,0,10,34,30
4/15/2019,8,2,7,37,35
4/16/2019,7,3,7,37,28
4/17/2019,11,0,6,30,21
4/18/2019,14,2,9,49,36
4/19/2019,20,2,14,70,33
4/20/2019,15,2,7,48,35
4/21/2019,14,2,8,35,32
4/22/2019,9,0,8,43,40
4/23/2019,8,2,8,42,43
4/24/2019,8,2,8,41,44
4/25/2019,7,2,8,49,41
4/26/2019,9,2,9,48,42
4/27/2019,11,2,9,52,41
4/28/2019,12,3,9,41,36
4/29/2019,8,2,7,42,43
4/30/2019,10,3,8,41,41
5/1/2019,11,2,8,40,35
5/2/2019,8,3,6,40,39
5/3/2019,8,2,7,41,44
5/4/2019,9,2,7,38,33
5/5/2019,6,0,6,25,27
5/6/2019,5,3,6,29,34
5/7/2019,6,1,5,30,37
5/8/2019,5,0,5,30,35
5/9/2019,6,0,5,35,44
5/10/2019,5,0,5,38,40
5/11/2019,6,0,6,40,31
5/12/2019,7,2,6,31,33
5/13/2019,4,1,5,36,43
5/14/2019,6,2,5,37,43
5/15/2019,5,2,5,37,39
5/16/2019,6,2,4,35,39
5/17/2019,7,1,6,41,41
5/18/2019,6,1,7,38,34
5/19/2019,7,1,7,35,33
5/20/2019,6,2,6,33,35
5/21/2019,5,2,5,34,36
5/22/2019,5,2,4,28,31
5/23/2019,1,2,5,36,30
5/24/2019,6,3,6,38,33
5/25/2019,8,2,8,40,31
5/26/2019,7,2,7,35,34
5/27/2019,8,2,7,37,36
5/28/2019,8,3,6,34,36
5/29/2019,10,3,8,38,33
5/30/2019,11,4,9,42,32
5/31/2019,12,3,10,41,32
6/1/2019,12,2,8,42,30
6/2/2019,15,2,12,46,31
6/3/2019,19,3,12,53,35
6/4/2019,23,2,11,62,35
6/5/2019,49,4,22,73,40
6/6/2019,60,5,28,100,45
6/7/2019,52,3,23,91,44
6/8/2019,45,4,21,66,37
6/9/2019,33,5,19,57,34
6/10/2019,23,4,16,53,36
6/11/2019,26,5,14,54,39
6/12/2019,22,3,16,51,40
6/13/2019,17,4,14,48,41
6/14/2019,16,3,16,53,43
6/15/2019,20,4,18,53,37
6/16/2019,19,3,15,45,39
6/17/2019,13,3,16,48,43
6/18/2019,12,3,12,44,43
6/19/2019,14,3,12,46,41
6/20/2019,14,2,14,48,43
6/21/2019,15,3,15,54,43
6/22/2019,17,2,14,55,45
6/23/2019,19,4,16,50,39
6/24/2019,17,3,17,55,44
6/25/2019,15,3,16,55,44
6/26/2019,14,4,15,54,40
6/27/2019,17,3,12,53,48
6/28/2019,17,2,13,58,46
6/29/2019,19,3,16,74,45
6/30/2019,20,3,15,51,43
7/1/2019,15,4,15,53,47
7/2/2019,13,3,14,54,47
7/3/2019,15,2,13,57,46
7/4/2019,16,3,15,57,47
7/5/2019,16,2,15,70,51
7/6/2019,18,3,16,90,45
7/7/2019,20,3,14,49,42
7/8/2019,13,2,11,49,45
7/9/2019,14,3,10,48,41
7/10/2019,11,3,10,50,40
7/11/2019,12,3,11,46,44
7/12/2019,12,3,10,45,41
7/13/2019,16,3,10,44,39
7/14/2019,11,4,10,36,42
7/15/2019,7,2,9,38,45
7/16/2019,8,2,7,36,42
7/17/2019,9,3,8,36,39
7/18/2019,9,2,9,40,45
7/19/2019,9,2,8,41,41
7/20/2019,8,2,11,45,41
7/21/2019,10,2,9,32,33
7/22/2019,8,2,8,38,42
7/23/2019,6,2,8,39,40
7/24/2019,7,2,9,37,40
7/25/2019,8,2,7,40,39
7/26/2019,10,3,6,42,40
7/27/2019,11,2,10,44,42
7/28/2019,11,2,9,31,35
7/29/2019,7,3,8,33,35
7/30/2019,5,2,7,34,39
7/31/2019,6,0,7,34,38
8/1/2019,6,2,7,36,34
8/2/2019,6,0,8,39,39
8/3/2019,11,2,9,41,37
8/4/2019,8,0,6,27,41
8/5/2019,7,2,7,34,38
8/6/2019,7,2,5,31,36
8/7/2019,6,2,7,29,33
8/8/2019,8,2,8,31,38
8/9/2019,8,2,6,35,37
8/10/2019,7,1,8,30,32
8/11/2019,10,2,9,28,32
8/12/2019,6,2,9,36,40
8/13/2019,7,0,9,36,42
8/14/2019,8,0,7,33,39
8/15/2019,6,2,6,35,40
8/16/2019,7,2,7,39,42
8/17/2019,12,2,11,43,34
8/18/2019,10,2,8,31,32
8/19/2019,7,0,8,34,40
8/20/2019,7,2,8,36,38
8/21/2019,7,2,9,37,40
8/22/2019,8,0,8,35,38
8/23/2019,9,2,9,42,40
8/24/2019,10,1,10,45,38
8/25/2019,8,0,8,32,35
8/26/2019,8,2,8,35,36
8/27/2019,9,1,9,36,41
8/28/2019,8,2,8,36,43
8/29/2019,8,2,8,38,40
8/30/2019,7,0,9,40,44
8/31/2019,10,2,12,42,46
9/1/2019,13,2,10,33,36
9/2/2019,8,1,10,33,39
9/3/2019,7,2,9,31,38
9/4/2019,8,2,9,33,40
9/5/2019,7,2,9,34,39
9/6/2019,8,0,10,44,46
9/7/2019,11,2,10,42,41
9/8/2019,11,2,10,29,36
9/9/2019,6,2,9,35,39
9/10/2019,6,0,9,32,36
9/11/2019,7,2,9,34,41
9/12/2019,6,2,9,34,38
9/13/2019,7,2,11,37,42
9/14/2019,12,2,10,37,38
9/15/2019,12,1,10,28,32
9/16/2019,6,2,9,33,37
9/17/2019,7,2,8,32,40
9/18/2019,6,2,8,31,38
9/19/2019,10,2,12,42,51
9/20/2019,9,0,13,46,54
9/21/2019,15,2,12,53,51
9/22/2019,13,2,11,38,40
9/23/2019,11,2,12,40,48
9/24/2019,6,3,9,41,45
9/25/2019,9,2,7,48,55
9/26/2019,9,2,10,51,48
9/27/2019,9,3,13,51,58
9/28/2019,16,2,15,58,53
9/29/2019,13,3,12,44,40
9/30/2019,9,1,11,42,49
10/1/2019,9,2,11,43,45
10/2/2019,8,2,11,42,46
10/3/2019,11,1,13,48,47
10/4/2019,12,2,13,55,53
10/5/2019,15,3,14,54,51
10/6/2019,14,2,13,38,43
10/7/2019,10,3,14,44,49
10/8/2019,9,2,12,47,51
10/9/2019,9,2,11,45,47
10/10/2019,9,3,11,42,48
10/11/2019,10,2,14,54,54
10/12/2019,17,2,17,57,51
10/13/2019,15,2,12,38,43
10/14/2019,8,2,16,39,51
10/15/2019,10,2,15,45,50
10/16/2019,8,2,11,43,52
10/17/2019,11,3,12,46,54
10/18/2019,12,0,15,52,52
10/19/2019,16,2,16,53,47
10/20/2019,15,2,15,40,43
10/21/2019,10,2,15,43,47
10/22/2019,9,2,11,47,50
10/23/2019,9,2,11,42,44
10/24/2019,10,2,13,48,51
10/25/2019,13,3,16,57,56
10/26/2019,16,2,14,58,50
10/27/2019,14,2,15,41,45
10/28/2019,8,0,13,47,48
10/29/2019,9,0,15,46,53
10/30/2019,11,0,15,47,50
10/31/2019,8,3,13,49,49
11/1/2019,11,3,16,62,56
11/2/2019,14,2,17,67,52
11/3/2019,14,3,14,49,44
11/4/2019,9,2,18,53,54
11/5/2019,10,2,16,50,55
11/6/2019,11,2,14,53,56
11/7/2019,9,3,14,59,53
11/8/2019,17,3,21,68,63
11/9/2019,22,3,22,88,58
11/10/2019,16,3,15,48,48
11/11/2019,11,2,17,51,55
11/12/2019,9,3,13,46,51
11/13/2019,9,0,13,51,57
11/14/2019,11,2,12,48,56
11/15/2019,12,3,15,49,58
11/16/2019,17,2,20,61,48
11/17/2019,16,2,17,43,46
11/18/2019,10,2,15,49,49
11/19/2019,9,3,13,48,55
11/20/2019,10,2,11,53,55
11/21/2019,11,3,13,48,58
11/22/2019,12,3,13,56,54
11/23/2019,15,0,17,59,49
11/24/2019,14,4,16,49,47
11/25/2019,10,4,13,52,53
11/26/2019,12,2,14,52,54
11/27/2019,12,3,13,54,57
11/28/2019,10,3,12,52,52
11/29/2019,17,3,14,62,61
11/30/2019,20,3,13,60,51
12/1/2019,15,2,14,53,47
12/2/2019,14,3,13,52,53
12/3/2019,11,3,13,49,58
12/4/2019,14,2,13,53,54
12/5/2019,13,3,10,55,54
12/6/2019,15,2,11,61,58
12/7/2019,18,2,13,62,54
12/8/2019,16,2,15,47,48
12/9/2019,13,3,13,52,56
12/10/2019,13,2,12,58,54
12/11/2019,15,2,12,55,58
12/12/2019,16,3,12,56,58
12/13/2019,20,2,11,65,59
12/14/2019,48,3,16,73,57
12/15/2019,48,3,16,61,50
12/16/2019,43,3,15,58,56
12/17/2019,42,3,15,65,56
12/18/2019,43,4,14,66,55
12/19/2019,52,3,15,70,57
12/20/2019,55,4,18,78,63
12/21/2019,56,4,17,93,59
12/22/2019,66,4,20,88,58
12/23/2019,65,4,19,93,61
12/24/2019,72,5,19,98,58
12/25/2019,70,4,20,87,57
12/26/2019,59,4,19,93,55
12/27/2019,67,4,18,97,65
12/28/2019,68,2,22,100,61
12/29/2019,68,4,22,87,60
12/30/2019,64,0,21,91,71
12/31/2019,62,4,15,90,76
1/1/2020,61,4,11,68,77
1/2/2020,54,2,11,58,59
1/3/2020,43,3,12,63,49
1/4/2020,47,3,10,53,41
1/5/2020,43,2,11,43,37
1/6/2020,35,2,10,41,38
1/7/2020,33,3,8,39,43
1/8/2020,36,3,8,42,40
1/9/2020,36,2,9,42,43
1/10/2020,41,3,11,54,48
1/11/2020,38,0,10,44,44
1/12/2020,37,3,11,39,38
1/13/2020,34,1,9,42,41
1/14/2020,32,2,10,42,45
1/15/2020,27,0,9,42,48
1/16/2020,28,2,8,45,46
1/17/2020,32,2,11,47,49
1/18/2020,33,0,11,51,44
1/19/2020,32,3,12,39,37
1/20/2020,24,2,12,40,43
1/21/2020,40,2,10,44,42
1/22/2020,30,2,11,47,47
1/23/2020,28,0,11,45,48
1/24/2020,32,3,10,56,45
1/25/2020,35,2,13,56,43
1/26/2020,31,2,10,43,36
1/27/2020,23,0,8,43,41
1/28/2020,23,2,9,42,41
1/29/2020,28,2,8,42,45
1/30/2020,27,0,8,43,44
1/31/2020,38,2,10,46,46
2/1/2020,39,2,10,51,42
2/2/2020,45,2,9,42,37
2/3/2020,35,2,8,42,39
2/4/2020,40,2,6,44,43
2/5/2020,37,2,9,41,46
2/6/2020,37,2,8,46,50
2/7/2020,42,2,8,51,50
2/8/2020,49,2,10,54,45
2/9/2020,45,2,11,43,40
2/10/2020,39,2,10,43,51
2/11/2020,44,2,8,42,46
2/12/2020,35,3,8,45,45
2/13/2020,39,2,8,43,45
2/14/2020,44,2,9,53,48
2/15/2020,43,2,10,54,46
2/16/2020,39,0,10,37,38
2/17/2020,34,2,10,40,45
2/18/2020,31,3,7,38,42
2/19/2020,37,2,9,40,44
2/20/2020,33,0,7,43,48
2/21/2020,42,3,9,53,53
2/22/2020,43,3,10,48,45
2/23/2020,44,3,10,38,47
2/24/2020,41,0,11,41,46
2/25/2020,39,1,7,39,51
2/26/2020,34,2,7,37,43
2/27/2020,37,2,7,39,46
2/28/2020,39,0,9,48,46
2/29/2020,46,2,10,49,46
3/1/2020,42,2,8,36,36
3/2/2020,36,2,7,33,39
3/3/2020,37,0,7,36,42
3/4/2020,41,0,7,35,37
3/5/2020,36,2,7,41,40
3/6/2020,41,2,8,45,42
3/7/2020,42,0,9,45,38
3/8/2020,42,0,10,33,30
3/9/2020,38,2,10,37,40
3/10/2020,40,0,8,41,40
3/11/2020,33,1,10,44,40
3/12/2020,39,2,7,40,40
3/13/2020,38,2,10,46,39
3/14/2020,43,0,8,39,35
3/15/2020,45,0,7,26,26
3/16/2020,35,0,4,17,25
3/17/2020,36,1,3,16,18
3/18/2020,35,1,4,13,23
3/19/2020,33,0,3,13,18
3/20/2020,37,0,2,16,16
3/21/2020,44,0,3,15,16
3/22/2020,45,0,3,13,19
3/23/2020,41,0,2,10,14
3/24/2020,41,0,2,13,15
3/25/2020,47,2,2,12,14
3/26/2020,44,0,2,10,15
3/27/2020,42,0,2,9,17
3/28/2020,41,0,2,11,12
3/29/2020,43,0,2,11,13
3/30/2020,44,0,2,8,13
3/31/2020,42,0,1,8,12
4/1/2020,42,0,2,9,15
4/2/2020,43,0,0,11,17
4/3/2020,39,0,2,9,18
4/4/2020,41,0,2,10,13
4/5/2020,41,0,3,14,14
4/6/2020,41,0,0,10,20
4/7/2020,38,0,2,10,21
4/8/2020,36,0,2,9,14
4/9/2020,40,0,3,10,13
4/10/2020,42,0,2,10,13
4/11/2020,39,0,2,10,15
4/12/2020,36,0,2,8,13
4/13/2020,37,0,2,8,12
4/14/2020,36,0,2,10,13
4/15/2020,39,0,1,8,14
4/16/2020,37,0,1,9,13
4/17/2020,34,0,2,11,12
4/18/2020,38,0,2,9,14
4/19/2020,43,0,2,11,11
4/20/2020,38,1,1,7,11
4/21/2020,38,0,0,8,14
4/22/2020,41,0,2,8,12
4/23/2020,41,0,0,6,11
4/24/2020,39,0,2,7,10
4/25/2020,41,0,2,5,12
4/26/2020,45,0,0,6,12
4/27/2020,40,0,2,7,11
4/28/2020,40,0,0,7,10
4/29/2020,41,0,0,7,11
4/30/2020,37,0,1,8,13
5/1/2020,43,1,0,6,13
5/2/2020,39,0,2,7,12
5/3/2020,44,0,2,10,15
5/4/2020,42,0,2,7,14
5/5/2020,39,0,2,7,13
5/6/2020,42,0,2,8,12
5/7/2020,46,0,2,9,15
5/8/2020,42,0,2,10,14
5/9/2020,43,0,3,10,14
5/10/2020,44,0,3,11,16
5/11/2020,43,0,2,10,14
5/12/2020,42,0,2,10,14
5/13/2020,42,0,0,10,14
5/14/2020,43,0,2,11,16
5/15/2020,40,0,2,10,16
5/16/2020,41,0,3,13,16
5/17/2020,43,0,3,10,16
5/18/2020,42,0,4,11,15
5/19/2020,44,0,3,11,15
5/20/2020,40,0,3,10,15
5/21/2020,45,0,3,8,13
5/22/2020,41,0,2,8,15
5/23/2020,49,0,3,9,13
5/24/2020,54,0,7,12,18
5/25/2020,55,0,9,14,21
5/26/2020,43,0,7,13,20
5/27/2020,47,0,6,13,20
5/28/2020,45,1,9,15,16
5/29/2020,47,0,7,16,19
5/30/2020,45,0,10,15,16
5/31/2020,48,0,11,16,20
6/1/2020,45,1,9,17,17
6/2/2020,48,0,6,13,16
6/3/2020,45,0,7,13,18
6/4/2020,45,2,7,14,19
6/5/2020,45,1,8,15,20
6/6/2020,64,0,14,23,28
6/7/2020,67,0,17,27,24
6/8/2020,61,0,13,25,29
6/9/2020,59,1,14,23,28
6/10/2020,64,0,14,24,27
6/11/2020,62,0,14,25,27
6/12/2020,65,2,17,27,29
6/13/2020,69,0,22,28,28
6/14/2020,67,0,26,30,27
6/15/2020,65,0,20,25,27
6/16/2020,62,0,21,29,29
6/17/2020,61,0,18,25,27
6/18/2020,61,0,16,31,29
6/19/2020,66,0,16,31,33
6/20/2020,70,0,23,39,31
6/21/2020,70,0,28,33,29
6/22/2020,66,3,21,27,30
6/23/2020,64,0,21,35,30
6/24/2020,64,0,19,31,32
6/25/2020,61,0,16,35,31
6/26/2020,60,0,19,42,36
6/27/2020,67,0,24,47,34
6/28/2020,71,0,25,39,33
6/29/2020,60,2,21,41,33
6/30/2020,64,2,19,42,30
7/1/2020,64,0,19,37,32
7/2/2020,58,0,19,40,28
7/3/2020,71,0,23,44,35
7/4/2020,73,2,24,51,32
7/5/2020,72,0,33,45,33
7/6/2020,67,2,21,43,37
7/7/2020,63,0,23,46,32
7/8/2020,68,0,22,42,35
7/9/2020,64,0,20,44,32
7/10/2020,70,0,21,46,35
7/11/2020,72,0,25,48,33
7/12/2020,80,0,27,33,37
7/13/2020,70,2,18,34,32
7/14/2020,71,0,19,28,28
7/15/2020,68,2,17,31,30
7/16/2020,64,0,16,32,29
7/17/2020,73,0,18,37,32
7/18/2020,78,2,23,38,32
7/19/2020,75,0,24,33,29
7/20/2020,68,2,18,31,29
7/21/2020,73,0,17,29,29
7/22/2020,68,0,16,31,28
7/23/2020,64,0,15,35,36
7/24/2020,71,2,16,38,32
7/25/2020,79,2,24,39,33
7/26/2020,73,0,25,39,34
7/27/2020,65,0,18,35,30
7/28/2020,69,0,16,31,31
7/29/2020,63,0,14,36,32
7/30/2020,67,0,13,37,28
7/31/2020,84,0,26,63,33
8/1/2020,78,0,25,53,35
8/2/2020,81,0,23,47,34
8/3/2020,68,0,19,37,27
8/4/2020,67,0,18,31,31
8/5/2020,64,0,16,34,29
8/6/2020,69,0,15,37,32
8/7/2020,68,2,17,42,32
8/8/2020,75,0,23,51,31
8/9/2020,71,0,28,47,34
8/10/2020,69,2,20,40,29
8/11/2020,68,0,20,41,35
8/12/2020,69,0,19,42,31
8/13/2020,68,0,19,47,30
8/14/2020,66,0,18,50,34
8/15/2020,73,0,25,63,37
8/16/2020,84,3,29,68,37
8/17/2020,75,0,23,51,39
8/18/2020,73,2,19,46,36
8/19/2020,62,2,23,56,35
8/20/2020,80,2,30,81,41
8/21/2020,78,0,32,72,42
8/22/2020,84,0,27,62,36
8/23/2020,76,2,29,47,33
8/24/2020,67,0,20,42,32
8/25/2020,68,0,21,37,31
8/26/2020,69,0,18,42,33
8/27/2020,62,2,17,43,34
8/28/2020,67,0,16,45,33
8/29/2020,74,0,24,48,34
8/30/2020,78,0,28,43,33
8/31/2020,65,0,19,37,31
9/1/2020,65,2,18,41,28
9/2/2020,66,1,14,34,35
9/3/2020,63,2,14,38,31
9/4/2020,72,0,15,46,31
9/5/2020,73,0,22,49,29
9/6/2020,75,0,24,42,29
9/7/2020,69,0,15,36,31
9/8/2020,61,0,13,37,27
9/9/2020,60,0,12,32,30
9/10/2020,66,0,12,33,28
9/11/2020,68,0,8,36,29
9/12/2020,71,0,13,35,30
9/13/2020,70,0,12,32,28
9/14/2020,62,0,8,25,22
9/15/2020,64,0,9,28,23
9/16/2020,64,0,7,28,25
9/17/2020,61,0,7,27,23
9/18/2020,64,0,8,32,28
9/19/2020,74,0,11,32,26
9/20/2020,65,0,12,31,23
9/21/2020,66,0,7,24,23
9/22/2020,59,0,7,23,21
9/23/2020,62,0,6,27,23
9/24/2020,61,0,7,27,23
9/25/2020,62,0,11,30,26
9/26/2020,66,0,10,35,23
9/27/2020,66,0,16,33,26
9/28/2020,58,0,9,27,22
9/29/2020,49,0,8,27,27
9/30/2020,16,0,9,28,21
10/1/2020,11,0,9,28,24
10/2/2020,12,0,9,40,27
10/3/2020,17,0,11,42,26
10/4/2020,15,0,16,36,28
10/5/2020,12,2,10,28,24
10/6/2020,21,0,8,32,32
10/7/2020,58,0,10,31,28
10/8/2020,61,0,10,30,22
10/9/2020,64,0,24,38,26
10/10/2020,67,2,22,47,25
10/11/2020,64,0,22,40,26
10/12/2020,60,0,17,32,26
10/13/2020,57,0,15,34,25
10/14/2020,61,0,14,36,30
10/15/2020,65,0,16,40,26
10/16/2020,66,3,15,40,30
10/17/2020,66,0,19,48,30
10/18/2020,70,0,23,44,27
10/19/2020,60,0,17,34,25
10/20/2020,59,2,14,37,28
10/21/2020,64,0,15,41,28
10/22/2020,60,0,17,46,34
10/23/2020,70,0,21,52,33
10/24/2020,70,0,21,58,33
10/25/2020,69,0,28,58,36
10/26/2020,64,0,22,53,33
10/27/2020,68,2,20,60,36
10/28/2020,76,2,26,77,42
10/29/2020,84,0,32,100,41
10/30/2020,78,0,27,81,41
10/31/2020,72,2,27,63,39
11/1/2020,73,0,25,45,33
11/2/2020,63,2,17,42,30
11/3/2020,59,2,16,40,29
11/4/2020,63,0,17,41,33
11/5/2020,63,0,18,48,36
11/6/2020,66,0,21,49,34
11/7/2020,70,0,22,58,37
11/8/2020,67,0,23,50,37
11/9/2020,62,0,20,46,36
11/10/2020,60,0,14,50,32
11/11/2020,64,0,18,52,37
11/12/2020,71,0,18,51,37
11/13/2020,71,2,22,55,40
11/14/2020,72,3,31,66,38
11/15/2020,74,0,29,52,43
11/16/2020,63,3,21,51,38
11/17/2020,67,0,18,51,40
11/18/2020,66,2,18,51,36
11/19/2020,67,2,23,54,38
11/20/2020,46,3,21,60,41
11/21/2020,35,3,24,69,39
11/22/2020,31,0,28,53,38
11/23/2020,25,0,21,52,39
11/24/2020,26,0,19,50,42
11/25/2020,24,0,18,51,43
11/26/2020,25,0,17,54,41
11/27/2020,24,0,19,53,41
11/28/2020,28,0,24,62,39
11/29/2020,27,0,23,46,39
11/30/2020,22,1,19,40,37
12/1/2020,22,2,18,43,36
12/2/2020,19,2,15,40,38
12/3/2020,23,2,16,43,38
12/4/2020,25,2,18,42,42
12/5/2020,25,2,21,47,41
12/6/2020,24,2,22,40,37
12/7/2020,19,2,13,35,37
12/8/2020,21,0,17,35,36
12/9/2020,8,0,18,37,38
12/10/2020,8,2,18,38,40
12/11/2020,10,0,15,44,42
12/12/2020,12,0,19,48,39
12/13/2020,14,0,23,46,40
12/14/2020,10,0,19,42,40
12/15/2020,11,0,19,43,41
12/16/2020,12,0,19,46,39
12/17/2020,10,0,18,44,41
12/18/2020,12,0,16,45,42
12/19/2020,16,2,20,51,54
12/20/2020,17,3,21,48,41
12/21/2020,12,2,16,47,49
12/22/2020,11,2,13,39,44
12/23/2020,10,2,15,41,47
12/24/2020,14,0,17,51,54
12/25/2020,15,0,20,48,51
12/26/2020,16,0,16,46,46
12/27/2020,16,0,17,45,48
12/28/2020,8,0,13,38,48
12/29/2020,13,0,14,39,50
12/30/2020,14,0,13,45,52
12/31/2020,13,0,12,44,52
1/1/2021,18,0,17,49,51
1/2/2021,21,2,18,45,44
1/3/2021,14,0,17,38,38
1/4/2021,12,0,11,32,34
1/5/2021,9,0,12,36,32
1/6/2021,8,2,9,30,31
1/7/2021,7,0,9,32,32
1/8/2021,8,0,8,32,36
1/9/2021,8,0,10,32,33
1/10/2021,11,0,11,27,30
1/11/2021,6,0,7,24,33
1/12/2021,6,0,8,23,32
1/13/2021,4,0,7,23,32
1/14/2021,6,0,10,23,28
1/15/2021,6,0,11,27,32
1/16/2021,8,0,11,31,35
1/17/2021,6,0,13,34,33
1/18/2021,4,0,9,28,31
1/19/2021,6,0,11,25,32
1/20/2021,5,0,6,27,32
1/21/2021,4,0,8,25,31
1/22/2021,6,0,7,28,33
1/23/2021,7,0,6,35,35
1/24/2021,7,0,10,32,29
1/25/2021,6,0,6,27,34
1/26/2021,22,0,7,26,27
1/27/2021,23,0,7,27,33
1/28/2021,22,0,7,26,30
1/29/2021,18,0,6,33,33
1/30/2021,26,0,8,34,36
1/31/2021,18,0,7,29,30
2/1/2021,17,0,7,24,33
2/2/2021,18,0,5,29,31
2/3/2021,14,0,7,28,29
2/4/2021,13,0,9,29,35
2/5/2021,14,0,7,30,32
2/6/2021,16,0,8,38,37
2/7/2021,13,0,7,35,36
2/8/2021,11,0,7,30,31
2/9/2021,13,0,5,30,31
2/10/2021,13,0,8,31,32
2/11/2021,15,0,8,33,34
2/12/2021,17,0,9,44,38
2/13/2021,17,0,10,40,38
2/14/2021,16,2,9,36,32
2/15/2021,14,0,6,29,30
2/16/2021,15,0,4,28,34
2/17/2021,12,0,5,31,28
2/18/2021,13,0,6,35,32
2/19/2021,14,0,6,34,36
2/20/2021,15,0,7,37,34
2/21/2021,22,0,11,49,44
2/22/2021,19,2,9,41,38
2/23/2021,16,2,11,41,44
2/24/2021,17,0,8,44,44
2/25/2021,21,0,7,44,43
2/26/2021,18,0,10,44,46
2/27/2021,26,0,13,57,45
2/28/2021,25,0,11,47,41
3/1/2021,19,0,11,46,44
3/2/2021,20,0,11,47,42
3/3/2021,18,0,11,43,48
3/4/2021,19,0,10,48,44
3/5/2021,24,0,9,57,47
3/6/2021,30,0,14,64,54
3/7/2021,25,0,16,53,50
3/8/2021,20,0,12,46,45
3/9/2021,22,0,12,50,47
3/10/2021,21,0,11,58,50
3/11/2021,27,0,15,59,48
3/12/2021,26,0,10,62,56
3/13/2021,34,0,15,64,49
3/14/2021,27,0,17,54,50
3/15/2021,20,0,10,49,42
3/16/2021,20,0,11,50,45
3/17/2021,21,0,11,57,46
3/18/2021,27,0,10,58,53
3/19/2021,27,3,15,57,50
3/20/2021,37,0,17,70,57
3/21/2021,30,0,18,60,44
3/22/2021,24,0,16,55,46
3/23/2021,42,0,16,57,45
3/24/2021,21,0,12,60,53
3/25/2021,20,0,13,67,56
3/26/2021,32,0,19,82,58
3/27/2021,33,3,20,83,61
3/28/2021,34,0,16,74,57
3/29/2021,29,2,17,66,54
3/30/2021,34,0,15,69,55
3/31/2021,27,0,11,72,56
4/1/2021,28,3,19,75,55
4/2/2021,42,0,17,100,70
4/3/2021,31,3,15,82,83
4/4/2021,26,0,14,69,73
4/5/2021,26,0,14,58,59
4/6/2021,25,0,13,56,58
4/7/2021,25,0,12,64,58
4/8/2021,30,3,12,68,60
4/9/2021,30,0,14,68,57
4/10/2021,28,0,16,72,52
4/11/2021,33,0,12,57,52
4/12/2021,20,2,7,43,40
4/13/2021,23,0,7,44,49
4/14/2021,13,3,8,47,47
4/15/2021,19,0,8,48,49
4/16/2021,22,0,7,54,50
4/17/2021,21,3,9,48,52
4/18/2021,23,0,12,46,51
4/19/2021,21,0,6,45,46
4/20/2021,17,0,13,50,48
4/21/2021,16,0,9,48,50
4/22/2021,18,0,8,51,46
4/23/2021,14,0,11,51,52
4/24/2021,15,0,11,49,56
4/25/2021,18,0,10,45,52
4/26/2021,22,2,6,48,55
4/27/2021,18,0,8,43,47
4/28/2021,20,0,7,50,54
4/29/2021,19,0,7,40,52
4/30/2021,20,0,9,51,49
5/1/2021,20,0,13,49,48
5/2/2021,23,0,10,41,49
5/3/2021,21,0,10,38,47
5/4/2021,20,2,9,40,47
5/5/2021,17,0,7,35,46
5/6/2021,22,0,7,36,46
5/7/2021,19,0,10,30,43
5/8/2021,19,0,8,31,51
5/9/2021,22,0,10,33,48
5/10/2021,21,0,8,30,49
5/11/2021,21,0,11,39,51
5/12/2021,21,0,12,28,43
5/13/2021,43,0,25,44,70
5/14/2021,56,4,36,61,73
5/15/2021,58,0,35,71,66
5/16/2021,48,0,26,55,55
5/17/2021,34,0,25,55,56
5/18/2021,36,3,24,59,52
5/19/2021,29,0,29,64,59
5/20/2021,28,3,24,58,59
5/21/2021,30,0,24,69,55
5/22/2021,40,0,26,58,57
5/23/2021,36,0,30,65,58
5/24/2021,27,0,26,59,60
5/25/2021,34,2,27,58,57
5/26/2021,32,3,27,60,58
5/27/2021,29,3,28,70,57
5/28/2021,32,3,20,74,66
5/29/2021,38,3,25,81,64
5/30/2021,30,0,29,73,52
5/31/2021,29,4,24,67,57
6/1/2021,34,4,30,70,59
6/2/2021,28,2,23,78,56
6/3/2021,24,3,21,65,54
6/4/2021,32,0,22,70,58
6/5/2021,31,0,25,84,60
6/6/2021,37,3,25,68,53
6/7/2021,25,0,24,58,56
6/8/2021,27,0,20,57,60
6/9/2021,23,0,19,56,56
6/10/2021,27,3,23,59,60
6/11/2021,26,0,21,64,56
6/12/2021,35,4,25,70,50
6/13/2021,28,0,26,61,61
6/14/2021,25,2,18,47,57
6/15/2021,27,0,18,49,58
6/16/2021,24,0,17,52,61
6/17/2021,19,2,18,41,57
6/18/2021,19,0,17,39,56
6/19/2021,20,0,20,36,52
6/20/2021,21,0,15,30,54
6/21/2021,19,0,11,31,54
6/22/2021,23,0,11,33,52
6/23/2021,19,3,10,31,50
6/24/2021,20,0,9,29,57
6/25/2021,18,0,10,34,54
6/26/2021,22,0,11,32,53
6/27/2021,25,0,10,27,48
6/28/2021,22,0,7,33,48
6/29/2021,17,0,6,30,45
6/30/2021,21,0,7,28,44
7/1/2021,24,0,6,29,43
7/2/2021,22,0,7,24,52
7/3/2021,20,0,7,28,45
7/4/2021,22,0,5,24,40
7/5/2021,22,0,5,24,41
7/6/2021,19,0,5,18,34
7/7/2021,18,0,5,18,33
7/8/2021,20,0,4,23,34
7/9/2021,22,0,5,18,34
7/10/2021,23,0,7,26,33
7/11/2021,20,0,5,19,30
7/12/2021,20,0,5,14,30
7/13/2021,22,0,4,20,28
7/14/2021,17,0,0,19,32
7/15/2021,20,0,3,17,28
7/16/2021,19,0,5,26,28
7/17/2021,21,0,4,20,27
7/18/2021,25,0,4,19,27
7/19/2021,22,0,4,16,27
7/20/2021,23,0,8,22,30
7/21/2021,17,0,5,19,31
7/22/2021,19,0,6,24,28
7/23/2021,17,0,7,24,28
7/24/2021,21,0,7,22,28
7/25/2021,23,0,5,18,31
7/26/2021,23,0,5,23,28
7/27/2021,24,0,5,21,25
7/28/2021,21,0,6,22,32
7/29/2021,23,0,6,20,28
7/30/2021,21,0,7,21,30
7/31/2021,23,0,6,26,27
8/1/2021,25,0,13,25,28
8/2/2021,22,0,8,24,23
8/3/2021,23,0,7,24,31
8/4/2021,21,0,7,24,30
8/5/2021,24,0,6,23,30
8/6/2021,21,0,9,27,32
8/7/2021,23,0,13,36,27
8/8/2021,28,0,12,29,33
8/9/2021,21,0,10,25,28
8/10/2021,25,0,13,31,32
8/11/2021,23,0,13,33,33
8/12/2021,21,0,9,30,36
8/13/2021,26,0,13,35,30
8/14/2021,25,0,18,36,33
8/15/2021,25,0,18,34,33
8/16/2021,23,0,15,30,27
8/17/2021,28,0,21,34,32
8/18/2021,23,0,13,31,32
8/19/2021,22,0,12,31,30
8/20/2021,20,0,14,38,33
8/21/2021,28,0,22,43,35
8/22/2021,29,0,25,42,35
8/23/2021,23,0,20,35,30
8/24/2021,24,0,21,35,24
8/25/2021,24,0,23,39,33
8/26/2021,24,0,18,43,31
8/27/2021,26,0,21,50,39
8/28/2021,32,0,29,51,37
8/29/2021,29,0,24,44,35
8/30/2021,28,0,22,40,38
8/31/2021,26,0,18,41,40
9/1/2021,26,0,16,41,39
9/2/2021,29,0,17,45,32
9/3/2021,28,0,20,55,42
9/4/2021,33,0,17,70,43
9/5/2021,34,0,22,56,40
9/6/2021,25,0,17,44,41
9/7/2021,31,0,15,47,42
9/8/2021,21,0,13,44,39
9/9/2021,24,0,15,38,42
9/10/2021,30,0,18,54,51
9/11/2021,29,0,22,53,42
9/12/2021,35,0,23,45,40
9/13/2021,31,0,17,42,38
9/14/2021,23,0,18,38,41
9/15/2021,25,0,19,45,42
9/16/2021,29,0,19,51,49
9/17/2021,29,0,19,58,56
9/18/2021,40,3,22,56,46
9/19/2021,39,0,27,50,48
9/20/2021,30,0,24,47,48
9/21/2021,29,0,19,57,45
9/22/2021,26,0,22,55,40
9/23/2021,28,0,19,60,51
9/24/2021,30,2,26,64,53
9/25/2021,39,0,27,66,47
9/26/2021,40,0,22,64,50
9/27/2021,28,0,21,60,43
9/28/2021,28,0,17,59,49
9/29/2021,29,0,19,58,52
9/30/2021,30,0,18,62,47
10/1/2021,34,0,23,72,54
10/2/2021,41,0,21,74,54
10/3/2021,37,0,28,52,50
10/4/2021,32,0,21,53,44
10/5/2021,32,0,19,56,50
10/6/2021,30,0,17,56,49
10/7/2021,36,0,22,70,56
10/8/2021,41,0,21,74,49
10/9/2021,45,0,25,80,60
10/10/2021,48,0,25,59,52
10/11/2021,41,0,18,66,53
10/12/2021,41,0,23,58,52
10/13/2021,38,0,16,61,55
10/14/2021,32,0,20,62,54
10/15/2021,40,0,21,70,51
10/16/2021,46,3,26,75,53
10/17/2021,39,0,26,65,56
10/18/2021,35,0,24,65,50
10/19/2021,37,0,20,67,61
10/20/2021,42,0,25,68,56
10/21/2021,30,0,21,71,54
10/22/2021,33,0,18,73,57
10/23/2021,41,4,24,73,55
10/24/2021,37,4,25,56,55
10/25/2021,34,0,24,61,57
10/26/2021,33,0,16,56,50
10/27/2021,30,3,21,65,52
10/28/2021,30,0,16,66,51
10/29/2021,33,0,21,69,64
10/30/2021,44,0,25,75,61
10/31/2021,38,3,25,56,50
11/1/2021,33,0,17,56,52
11/2/2021,35,0,18,66,53
11/3/2021,32,0,19,63,60
11/4/2021,29,0,13,63,57
11/5/2021,32,3,18,66,53
11/6/2021,38,0,19,81,56
11/7/2021,36,0,23,61,53
11/8/2021,22,2,11,40,37
11/9/2021,19,0,11,39,36
11/10/2021,20,0,11,43,36
11/11/2021,18,0,12,51,36
11/12/2021,16,0,14,56,38
11/13/2021,20,2,15,62,38
11/14/2021,19,0,14,48,39
11/15/2021,17,0,12,49,34
11/16/2021,16,0,12,47,37
11/17/2021,16,0,12,45,34
11/18/2021,17,0,12,56,36
11/19/2021,18,2,13,64,42
11/20/2021,18,0,15,59,36
11/21/2021,19,0,13,45,38
11/22/2021,17,2,14,48,37
11/23/2021,16,0,10,45,39
11/24/2021,15,2,10,45,41
11/25/2021,16,0,11,49,39
11/26/2021,17,2,13,59,41
11/27/2021,17,0,13,58,39
11/28/2021,18,0,12,43,37
11/29/2021,18,2,12,42,39
11/30/2021,14,0,10,44,41
12/1/2021,17,0,9,43,39
12/2/2021,15,0,10,49,41
12/3/2021,15,0,13,54,51
12/4/2021,19,0,13,53,42
12/5/2021,19,0,10,43,42
12/6/2021,16,0,11,41,47
12/7/2021,17,0,11,44,44
12/8/2021,17,2,10,47,44
12/9/2021,18,0,10,50,48
12/10/2021,18,2,12,57,45
12/11/2021,20,0,13,63,49
12/12/2021,19,0,13,54,39
12/13/2021,18,0,12,52,48
12/14/2021,17,0,11,53,47
12/15/2021,17,0,13,51,45
12/16/2021,17,0,12,56,45
12/17/2021,18,0,13,58,47
12/18/2021,21,0,16,66,43
12/19/2021,20,0,15,50,44
12/20/2021,20,0,15,50,47
12/21/2021,20,0,14,45,44
12/22/2021,18,2,11,39,38
12/23/2021,20,0,12,55,48
12/24/2021,25,0,14,54,42
12/25/2021,23,0,15,47,41
12/26/2021,25,0,14,45,41
12/27/2021,22,2,16,49,44
12/28/2021,25,2,17,55,41
12/29/2021,22,0,15,45,43
12/30/2021,23,0,16,57,53
12/31/2021,30,2,12,56,49
1/1/2022,36,2,15,61,45
1/2/2022,28,0,15,54,35
1/3/2022,17,2,13,50,45
1/4/2022,20,0,14,44,38
1/5/2022,16,2,11,49,37
1/6/2022,16,2,13,46,37
1/7/2022,19,2,14,56,42
1/8/2022,20,2,12,53,39
1/9/2022,20,2,17,40,34
1/10/2022,12,0,12,39,36
1/11/2022,13,2,11,43,40
1/12/2022,16,0,11,41,36
1/13/2022,12,2,12,43,41
1/14/2022,12,2,12,45,37
1/15/2022,17,0,13,44,35
1/16/2022,15,0,11,39,34
1/17/2022,12,0,10,35,33
1/18/2022,11,0,9,33,31
1/19/2022,11,0,11,31,31
1/20/2022,12,0,8,32,32
1/21/2022,13,0,9,42,35
1/22/2022,15,0,13,42,35
1/23/2022,14,0,13,34,32
1/24/2022,10,0,8,33,32
1/25/2022,10,0,8,34,32
1/26/2022,11,0,8,37,31
1/27/2022,10,0,7,35,31
1/28/2022,13,2,8,40,35
1/29/2022,15,2,10,48,33
1/30/2022,19,0,8,40,30
1/31/2022,18,0,10,35,33
2/1/2022,17,0,8,25,30
2/2/2022,10,1,7,31,31
2/3/2022,11,4,7,33,31
2/4/2022,10,0,8,37,33
2/5/2022,14,0,8,31,31
2/6/2022,13,0,7,32,30
2/7/2022,9,0,8,26,28
2/8/2022,9,0,7,27,26
2/9/2022,8,0,5,24,28
2/10/2022,8,0,5,29,30
2/11/2022,12,0,7,37,30
2/12/2022,8,0,8,34,25
2/13/2022,8,0,6,30,27
2/14/2022,6,0,6,27,27
2/15/2022,6,0,7,25,28
2/16/2022,6,1,6,26,27
2/17/2022,7,0,7,29,29
2/18/2022,7,0,8,29,27
2/19/2022,11,0,9,29,30
2/20/2022,12,0,9,28,27
2/21/2022,8,0,8,28,29
2/22/2022,9,0,9,26,28
2/23/2022,9,2,8,30,28
2/24/2022,8,1,9,34,27
2/25/2022,10,0,9,42,31
2/26/2022,15,1,14,56,32
2/27/2022,18,2,13,54,32
2/28/2022,12,0,10,33,32
3/1/2022,9,1,7,30,29
3/2/2022,9,0,8,32,30
3/3/2022,11,0,7,34,26
3/4/2022,11,0,9,34,29
3/5/2022,13,0,9,34,30
3/6/2022,11,1,10,31,27
3/7/2022,10,2,6,29,27
3/8/2022,8,2,6,31,28
3/9/2022,9,0,6,30,29
3/10/2022,9,1,6,32,30
3/11/2022,10,2,7,37,28
3/12/2022,11,1,9,38,31
3/13/2022,10,1,8,37,33
3/14/2022,9,2,7,34,30
3/15/2022,8,1,7,30,29
3/16/2022,9,2,6,33,32
3/17/2022,10,2,6,34,32
3/18/2022,11,1,7,42,33
3/19/2022,14,1,8,41,34
3/20/2022,11,2,7,33,30
3/21/2022,9,2,9,35,35
3/22/2022,11,2,5,35,34
3/23/2022,9,1,6,39,34
3/24/2022,11,1,6,39,37
3/25/2022,11,1,6,43,36
3/26/2022,13,2,7,54,35
3/27/2022,12,3,8,40,35
3/28/2022,10,1,5,36,33
3/29/2022,9,2,4,35,29
3/30/2022,10,1,4,32,31
3/31/2022,10,2,5,31,30
4/1/2022,9,2,3,27,28
4/2/2022,9,2,3,22,27
4/3/2022,7,2,4,25,32
4/4/2022,10,0,4,26,31
4/5/2022,7,1,4,30,34
4/6/2022,7,1,4,30,34
4/7/2022,8,2,4,32,36
4/8/2022,8,2,5,32,38
4/9/2022,11,2,5,34,32
4/10/2022,9,2,6,32,35
4/11/2022,10,1,5,33,32
4/12/2022,10,1,4,32,37
4/13/2022,7,2,4,37,38
4/14/2022,10,2,5,39,36
4/15/2022,11,2,7,46,36
4/16/2022,11,2,6,42,37
4/17/2022,9,2,7,36,30
4/18/2022,11,1,6,34,36
4/19/2022,9,2,6,36,39
4/20/2022,9,1,5,35,32
4/21/2022,9,2,5,37,39
4/22/2022,11,1,6,37,36
4/23/2022,11,2,6,38,33
4/24/2022,11,2,6,38,35
4/25/2022,10,2,7,35,33
4/26/2022,11,2,9,35,34
4/27/2022,11,2,9,39,33
4/28/2022,12,2,8,39,33
4/29/2022,13,1,9,38,40
4/30/2022,15,4,11,42,39
5/1/2022,21,1,12,46,34
5/2/2022,36,5,21,66,43
5/3/2022,47,3,25,87,44
5/4/2022,41,3,22,100,47
5/5/2022,31,5,20,75,42
5/6/2022,30,4,17,59,38
5/7/2022,25,4,16,49,35
5/8/2022,21,4,14,45,33
5/9/2022,19,3,16,46,36
5/10/2022,17,3,11,44,34
5/11/2022,17,3,12,48,35
5/12/2022,20,3,11,48,33
5/13/2022,19,2,12,61,35
5/14/2022,29,3,18,77,40
5/15/2022,26,2,15,61,36
5/16/2022,20,2,13,41,36
5/17/2022,18,3,13,42,34
5/18/2022,20,3,9,45,37
5/19/2022,19,2,10,44,49
5/20/2022,17,2,11,46,54
5/21/2022,20,2,13,46,44
5/22/2022,18,2,11,42,35
5/23/2022,19,3,9,44,38
5/24/2022,18,3,10,45,39
5/25/2022,20,3,11,43,36
5/26/2022,23,2,11,46,35
5/27/2022,23,2,11,49,38
5/28/2022,27,2,13,47,33
5/29/2022,22,3,10,41,33
5/30/2022,20,2,9,39,31
5/31/2022,26,2,11,42,39
6/1/2022,21,1,10,38,30
6/2/2022,22,2,10,39,34
6/3/2022,18,2,8,49,37
6/4/2022,21,2,10,46,37
6/5/2022,21,2,10,37,30
6/6/2022,20,2,10,37,32
6/7/2022,21,2,9,40,37
6/8/2022,18,1,8,40,36
6/9/2022,17,2,8,40,38
6/10/2022,21,2,9,47,39
6/11/2022,22,2,9,46,34
6/12/2022,21,1,11,38,34
6/13/2022,21,2,8,38,36
6/14/2022,19,2,8,37,40
6/15/2022,16,3,8,43,39
6/16/2022,19,1,8,41,36
6/17/2022,20,2,10,46,39
6/18/2022,24,2,11,44,37
6/19/2022,25,4,11,44,32
6/20/2022,20,2,9,44,36
6/21/2022,22,2,10,46,39
6/22/2022,22,3,8,47,44
6/23/2022,23,3,10,47,39
6/24/2022,25,2,9,51,39
6/25/2022,24,3,13,55,41
6/26/2022,27,3,12,49,40
6/27/2022,24,3,11,49,43
6/28/2022,22,2,13,52,38
6/29/2022,25,2,11,47,39
6/30/2022,22,2,10,52,38
7/1/2022,23,2,11,54,42
7/2/2022,29,3,11,70,44
7/3/2022,25,3,11,49,41
7/4/2022,24,2,11,43,37
7/5/2022,23,3,11,49,37
7/6/2022,20,3,9,41,36
7/7/2022,18,3,9,43,38
7/8/2022,19,2,8,45,37
7/9/2022,22,2,7,37,38
7/10/2022,20,1,7,38,34
7/11/2022,19,1,9,44,36
7/12/2022,20,2,8,43,36
7/13/2022,17,2,8,45,38
7/14/2022,16,3,9,43,37
7/15/2022,23,3,8,49,39
7/16/2022,18,3,9,45,38
7/17/2022,17,0,8,33,33
7/18/2022,15,2,8,37,34
7/19/2022,16,2,7,37,30
7/20/2022,14,2,7,39,34
7/21/2022,16,2,8,38,35
7/22/2022,16,2,8,41,40
7/23/2022,19,2,9,44,38
7/24/2022,15,1,10,35,33
7/25/2022,15,0,7,32,33
7/26/2022,14,2,7,35,32
7/27/2022,25,3,12,58,52
7/28/2022,28,3,13,63,56
7/29/2022,27,3,15,70,59
7/30/2022,33,3,17,80,56
7/31/2022,30,0,13,53,50
8/1/2022,24,3,12,53,47
8/2/2022,26,3,12,49,53
8/3/2022,27,0,10,54,55
8/4/2022,28,3,11,53,56
8/5/2022,25,2,11,60,60
8/6/2022,32,0,13,65,54
8/7/2022,29,3,16,48,47
8/8/2022,28,2,12,56,49
8/9/2022,26,3,9,54,58
8/10/2022,27,4,10,56,54
8/11/2022,27,3,12,54,49
8/12/2022,26,0,13,65,56
8/13/2022,29,3,12,64,51
8/14/2022,29,0,14,53,52
8/15/2022,28,3,12,54,55
8/16/2022,30,0,11,57,58
8/17/2022,34,4,12,47,51
8/18/2022,27,3,14,56,55
8/19/2022,29,3,13,64,58
8/20/2022,34,3,15,65,49
8/21/2022,26,3,13,49,46
8/22/2022,24,3,12,60,58
8/23/2022,28,3,13,55,54
8/24/2022,24,3,15,53,62
8/25/2022,21,3,14,61,56
8/26/2022,32,3,14,71,61
8/27/2022,28,2,12,70,60
8/28/2022,29,3,12,52,53
8/29/2022,28,3,14,57,52
8/30/2022,28,2,11,62,56
8/31/2022,21,3,12,54,51
9/1/2022,28,0,14,54,51
9/2/2022,28,3,13,65,57
9/3/2022,30,4,16,59,54
9/4/2022,24,4,14,45,45
9/5/2022,24,0,13,50,50
9/6/2022,26,2,14,54,55
9/7/2022,23,2,13,55,56
9/8/2022,22,3,11,54,57
9/9/2022,25,0,11,61,58
9/10/2022,29,3,15,64,58
9/11/2022,25,3,12,50,48
9/12/2022,24,3,17,52,55
9/13/2022,23,3,13,53,58
9/14/2022,21,3,12,54,52
9/15/2022,21,3,15,60,55
9/16/2022,24,3,14,69,58
9/17/2022,24,2,18,69,55
9/18/2022,23,4,16,52,52
9/19/2022,20,3,13,53,53
9/20/2022,21,2,13,57,61
9/21/2022,18,0,14,60,56
9/22/2022,20,3,14,61,62
9/23/2022,22,3,17,70,69
9/24/2022,26,4,17,70,62
9/25/2022,24,3,17,57,55
9/26/2022,23,3,16,61,61
9/27/2022,23,3,13,60,55
9/28/2022,18,3,15,57,56
9/29/2022,20,2,14,60,56
9/30/2022,19,2,14,69,62
10/1/2022,29,3,16,76,58
10/2/2022,25,2,14,56,51
10/3/2022,20,2,13,59,54
10/4/2022,20,0,14,59,57
10/5/2022,22,2,15,71,53
10/6/2022,22,2,12,66,58
10/7/2022,27,2,17,81,70
10/8/2022,31,2,23,100,61
10/9/2022,24,4,16,67,53
10/10/2022,22,3,14,61,62
10/11/2022,18,2,15,65,60
10/12/2022,19,2,15,63,63
10/13/2022,19,3,16,63,64
10/14/2022,22,3,14,65,65
10/15/2022,25,3,18,73,58
10/16/2022,23,2,13,53,48
10/17/2022,22,4,13,55,58
10/18/2022,21,3,14,64,61
10/19/2022,19,0,13,66,61
10/20/2022,21,0,14,69,66
10/21/2022,24,4,15,71,59
10/22/2022,26,2,16,77,62
10/23/2022,27,0,18,58,51
10/24/2022,20,0,15,65,56
10/25/2022,19,3,16,59,62
10/26/2022,21,3,13,61,60
10/27/2022,20,0,14,65,61
10/28/2022,26,0,17,70,71
10/29/2022,31,2,18,76,58
10/30/2022,24,5,15,54,50
10/31/2022,19,0,14,55,59
11/1/2022,21,2,14,58,54
11/2/2022,19,3,16,60,60
11/3/2022,20,3,14,61,56
11/4/2022,20,0,16,74,68
11/5/2022,32,2,14,71,65
11/6/2022,21,2,14,56,63
11/7/2022,20,3,17,59,61
11/8/2022,19,3,15,62,57
11/9/2022,20,2,14,63,56
11/10/2022,20,4,14,68,59
11/11/2022,19,2,13,70,63
11/12/2022,23,4,16,71,62
11/13/2022,28,2,14,57,51
11/14/2022,23,5,17,64,60
11/15/2022,22,2,14,63,63
11/16/2022,19,3,14,66,61
11/17/2022,21,2,17,68,65
11/18/2022,22,4,17,77,64
11/19/2022,32,0,17,72,61
11/20/2022,24,2,18,57,55
11/21/2022,20,3,15,53,55
11/22/2022,16,3,11,57,53
11/23/2022,13,0,10,53,57
11/24/2022,15,2,9,57,57
11/25/2022,21,0,10,64,61
11/26/2022,19,2,10,63,54
11/27/2022,16,2,10,52,47
11/28/2022,16,2,9,52,57
11/29/2022,18,2,11,55,58
11/30/2022,13,3,9,52,56
12/1/2022,18,2,10,60,58
12/2/2022,20,3,11,69,61
12/3/2022,21,4,12,73,60
12/4/2022,17,3,12,56,61
12/5/2022,17,3,9,58,57
12/6/2022,16,2,8,59,63
12/7/2022,17,3,10,60,66
12/8/2022,19,2,11,66,64
12/9/2022,22,3,10,71,70
12/10/2022,21,2,10,65,63
12/11/2022,22,0,12,55,65
12/12/2022,21,2,10,74,67
12/13/2022,20,3,12,71,65
12/14/2022,19,2,13,74,60
12/15/2022,27,3,13,78,73
12/16/2022,26,3,14,82,73
12/17/2022,28,4,16,84,73
12/18/2022,23,3,11,67,58
12/19/2022,26,5,15,81,70
12/20/2022,30,3,17,83,69
12/21/2022,26,4,16,88,71
12/22/2022,31,5,16,85,69
12/23/2022,32,5,15,92,76
12/24/2022,35,5,18,90,73
12/25/2022,40,5,21,89,69
12/26/2022,32,4,17,85,69
12/27/2022,34,3,18,92,69
12/28/2022,36,5,19,86,74
12/29/2022,31,3,16,79,69
12/30/2022,32,3,20,82,87
12/31/2022,33,4,17,83,76
1/1/2023,36,3,17,79,60
1/2/2023,33,3,19,72,55
1/3/2023,28,2,17,74,54
1/4/2023,24,3,17,69,56
1/5/2023,28,3,14,74,57
1/6/2023,27,3,16,76,58
1/7/2023,32,6,16,73,62
1/8/2023,25,4,15,55,51
1/9/2023,18,3,12,57,54
1/10/2023,24,3,18,55,56
1/11/2023,20,3,15,55,55
1/12/2023,20,2,16,62,55
1/13/2023,23,2,16,68,56
1/14/2023,24,3,18,68,60
1/15/2023,20,2,18,50,53
1/16/2023,23,3,14,57,61
1/17/2023,21,3,16,60,53
1/18/2023,20,3,15,63,52
1/19/2023,24,3,15,63,53
1/20/2023,24,4,18,72,56
1/21/2023,32,4,18,85,56
1/22/2023,31,4,21,71,55
1/23/2023,23,2,29,57,48
1/24/2023,21,2,18,58,55
1/25/2023,15,3,15,57,57
1/26/2023,21,2,14,60,56
1/27/2023,21,3,14,65,61
1/28/2023,23,3,16,69,50
1/29/2023,22,3,16,53,45
1/30/2023,18,3,15,60,52
1/31/2023,20,0,13,52,56
2/1/2023,16,2,12,55,59
2/2/2023,19,4,12,61,60
2/3/2023,19,4,15,71,69
2/4/2023,22,0,14,67,61
2/5/2023,20,2,13,48,49
2/6/2023,20,4,12,55,57
2/7/2023,17,0,17,52,53
2/8/2023,18,2,13,54,62
2/9/2023,19,2,13,59,61
2/10/2023,24,5,17,65,58
2/11/2023,20,0,17,63,58
2/12/2023,20,2,14,50,48
2/13/2023,15,2,14,56,62
2/14/2023,18,2,10,51,58
2/15/2023,18,3,11,53,59
2/16/2023,15,0,14,59,58
2/17/2023,21,0,12,67,66
2/18/2023,24,2,16,72,71
2/19/2023,22,2,16,50,59
2/20/2023,16,0,14,54,58
2/21/2023,18,3,10,53,60
2/22/2023,16,2,9,54,58
2/23/2023,16,2,9,55,58
2/24/2023,19,2,12,64,62
2/25/2023,17,4,14,61,59
2/26/2023,19,4,12,45,49
2/27/2023,15,3,10,48,57
2/28/2023,16,3,12,52,60
3/1/2023,15,3,11,58,60
3/2/2023,16,3,10,55,55
3/3/2023,17,2,10,67,67
3/4/2023,18,3,14,62,57
3/5/2023,21,3,13,50,56
3/6/2023,15,4,9,55,61
3/7/2023,17,2,9,52,56
3/8/2023,16,2,10,55,62
3/9/2023,17,3,11,57,64
3/10/2023,18,2,11,62,69
3/11/2023,20,0,12,65,70
3/12/2023,19,3,10,50,67
3/13/2023,18,5,10,57,67
3/14/2023,17,3,10,56,67
3/15/2023,19,2,10,64,66
3/16/2023,17,2,10,58,57
3/17/2023,18,0,10,69,67
3/18/2023,24,0,11,70,58
3/19/2023,26,4,11,50,51
3/20/2023,16,0,10,54,57
3/21/2023,21,3,11,56,50
3/22/2023,13,3,7,45,41
3/23/2023,14,3,8,43,48
3/24/2023,14,3,8,49,59
3/25/2023,16,2,9,52,56
3/26/2023,15,0,9,45,50
3/27/2023,13,4,7,44,55
3/28/2023,14,3,8,49,58
3/29/2023,13,0,8,43,56
3/30/2023,12,2,8,44,63
3/31/2023,15,2,8,50,56
4/1/2023,14,0,9,47,53
4/2/2023,14,0,12,52,46
4/3/2023,15,4,10,50,57
4/4/2023,15,0,9,51,57
4/5/2023,13,0,11,50,58
4/6/2023,14,3,9,56,51
4/7/2023,16,3,12,63,56
4/8/2023,16,0,10,56,51
4/9/2023,16,3,11,46,46
4/10/2023,15,0,11,49,58
4/11/2023,13,2,9,48,58
4/12/2023,15,3,9,48,56
4/13/2023,13,3,9,46,53
4/14/2023,10,0,8,35,38
4/15/2023,13,3,7,35,32
4/16/2023,15,3,9,33,35
4/17/2023,13,3,9,38,37
4/18/2023,14,3,7,36,36
4/19/2023,14,3,11,42,31
4/20/2023,17,2,11,41,34
4/21/2023,21,2,11,47,38
4/22/2023,35,3,19,64,41
4/23/2023,43,4,28,91,47
4/24/2023,40,4,21,91,45
4/25/2023,35,4,19,62,44
4/26/2023,32,5,18,61,44
4/27/2023,24,3,16,59,42
4/28/2023,26,4,18,64,44
4/29/2023,25,2,18,61,39
4/30/2023,25,4,16,54,41
5/1/2023,21,2,13,41,34
5/2/2023,15,3,11,42,36
5/3/2023,16,3,12,42,41
5/4/2023,15,2,10,43,40
5/5/2023,14,2,11,43,43
5/6/2023,18,0,12,45,39
5/7/2023,14,3,13,37,38
5/8/2023,16,2,11,40,40
5/9/2023,15,3,10,38,45
5/10/2023,14,0,11,42,47
5/11/2023,14,3,12,44,45
5/12/2023,14,3,14,49,48
5/13/2023,15,3,15,45,44
5/14/2023,14,3,15,36,43
5/15/2023,13,2,11,45,44
5/16/2023,14,3,10,41,40
5/17/2023,14,2,11,42,42
5/18/2023,17,2,12,46,38
5/19/2023,17,2,9,47,45
5/20/2023,15,3,14,47,40
5/21/2023,13,3,14,44,37
5/22/2023,14,3,14,46,43
5/23/2023,13,1,12,40,41
5/24/2023,12,2,12,44,47
5/25/2023,13,2,9,45,48
5/26/2023,14,3,13,52,49
5/27/2023,16,2,13,48,41
5/28/2023,14,3,12,40,40
5/29/2023,14,2,12,44,40
5/30/2023,14,2,12,51,46
5/31/2023,17,2,10,53,42
6/1/2023,20,2,14,65,44
6/2/2023,20,2,13,71,46
6/3/2023,16,2,13,48,42
6/4/2023,14,2,13,38,37
6/5/2023,12,2,10,39,42
6/6/2023,11,2,8,37,42
6/7/2023,10,3,9,40,41
6/8/2023,11,2,9,41,42
6/9/2023,14,3,11,45,41
6/10/2023,16,2,11,45,40
6/11/2023,15,3,11,42,38
6/12/2023,15,1,11,44,43
6/13/2023,13,3,12,46,46
6/14/2023,12,1,11,46,41
6/15/2023,12,2,11,43,47
6/16/2023,14,3,11,45,50
6/17/2023,16,3,14,49,52
6/18/2023,18,3,12,43,50
6/19/2023,13,2,11,45,46
6/20/2023,16,3,10,49,46
6/21/2023,14,4,12,52,49
6/22/2023,13,3,11,52,49
6/23/2023,18,4,13,60,50
6/24/2023,18,4,12,60,47
6/25/2023,17,4,15,51,44
6/26/2023,18,4,12,54,41
6/27/2023,16,3,9,58,41
6/28/2023,17,2,12,59,45
6/29/2023,22,2,14,70,44
6/30/2023,23,4,17,80,47
7/1/2023,22,3,13,67,45
7/2/2023,18,3,15,55,45
7/3/2023,17,3,13,53,44
7/4/2023,20,2,12,57,45
7/5/2023,16,3,13,56,46
7/6/2023,16,4,12,58,50
7/7/2023,16,3,11,64,56
7/8/2023,17,3,12,65,47
7/9/2023,16,4,10,50,46
7/10/2023,14,3,10,50,49
7/11/2023,16,2,11,52,48
7/12/2023,12,2,10,50,49
7/13/2023,13,2,8,50,50
7/14/2023,13,2,11,52,55
7/15/2023,15,2,10,49,49
7/16/2023,14,3,10,48,39
7/17/2023,13,2,10,40,46
7/18/2023,10,2,9,39,45
7/19/2023,9,2,11,36,38
7/20/2023,8,1,7,42,43
7/21/2023,11,2,13,46,47
7/22/2023,10,0,11,47,45
7/23/2023,11,0,8,40,41
7/24/2023,8,2,7,39,45
7/25/2023,11,2,8,40,44
7/26/2023,8,3,10,40,41
7/27/2023,7,2,7,43,47
7/28/2023,8,2,8,46,46
7/29/2023,13,2,10,50,43
7/30/2023,13,2,10,34,35
7/31/2023,10,2,8,34,35
8/1/2023,12,2,7,37,41
8/2/2023,7,2,9,38,40
8/3/2023,10,1,8,35,39
8/4/2023,11,2,9,41,46
8/5/2023,12,2,9,42,43
8/6/2023,10,3,10,32,35
8/7/2023,8,2,5,34,42
8/8/2023,10,0,9,41,44
8/9/2023,7,2,7,39,45
8/10/2023,10,2,9,42,40
8/11/2023,10,3,8,41,50
8/12/2023,11,2,12,39,42
8/13/2023,10,0,7,32,37
8/14/2023,6,0,8,36,46
8/15/2023,9,2,6,37,41
8/16/2023,8,2,6,38,39
8/17/2023,7,2,7,37,41
8/18/2023,9,2,11,46,46
8/19/2023,13,3,10,46,43
8/20/2023,8,2,9,35,37
8/21/2023,10,2,8,36,40
8/22/2023,6,3,8,35,44
8/23/2023,5,2,10,40,45
8/24/2023,6,2,9,36,43
8/25/2023,8,2,9,44,46
8/26/2023,6,2,10,46,42
8/27/2023,7,3,9,36,36
8/28/2023,6,2,10,37,42
8/29/2023,7,2,10,36,45
8/30/2023,6,2,8,36,40
8/31/2023,6,2,7,37,41
9/1/2023,7,0,8,42,48
9/2/2023,7,0,11,46,42
9/3/2023,8,3,10,35,35
9/4/2023,5,3,8,33,44
9/5/2023,5,2,8,37,39
9/6/2023,4,2,8,35,43
9/7/2023,5,4,8,42,42
9/8/2023,10,0,10,42,43
9/9/2023,7,2,9,40,41
9/10/2023,7,2,10,31,40
9/11/2023,7,3,8,37,45
9/12/2023,6,2,8,33,40
9/13/2023,6,0,8,38,46
9/14/2023,7,2,9,40,43
9/15/2023,8,1,8,39,48
9/16/2023,6,2,9,40,41
9/17/2023,8,2,8,30,40
9/18/2023,6,2,11,36,43
9/19/2023,5,1,6,37,45
9/20/2023,6,1,7,37,42
9/21/2023,6,0,9,40,43
9/22/2023,6,2,11,44,50
9/23/2023,7,2,10,41,43
9/24/2023,7,2,10,35,37
9/25/2023,7,3,8,41,44
9/26/2023,7,2,9,43,45
9/27/2023,8,0,11,45,43
9/28/2023,10,2,11,47,40
9/29/2023,8,2,11,56,45
9/30/2023,7,2,10,46,43
10/1/2023,7,2,8,36,36
10/2/2023,4,2,8,41,40
10/3/2023,7,2,8,43,41
10/4/2023,5,0,10,41,47
10/5/2023,6,0,10,45,44
10/6/2023,7,2,9,48,42
10/7/2023,9,0,10,44,38
10/8/2023,7,2,8,36,34
10/9/2023,6,0,9,39,43
10/10/2023,5,2,8,42,41
10/11/2023,7,2,9,41,46
10/12/2023,7,2,9,44,43
10/13/2023,7,3,8,48,47
10/14/2023,8,2,10,48,41
10/15/2023,8,3,11,38,38
10/16/2023,7,0,10,40,39
10/17/2023,5,2,11,41,45
10/18/2023,5,3,10,42,44
10/19/2023,7,3,8,46,47
10/20/2023,7,2,9,47,46
10/21/2023,8,2,12,46,42
10/22/2023,8,2,10,39,39
10/23/2023,7,2,10,42,43
10/24/2023,6,2,8,38,45
10/25/2023,5,3,9,48,44
10/26/2023,6,1,9,50,46
10/27/2023,7,3,11,56,50
10/28/2023,8,2,11,54,44
10/29/2023,6,2,10,36,39
10/30/2023,5,2,9,42,44
10/31/2023,6,2,8,41,43
11/1/2023,6,2,8,44,47
11/2/2023,6,3,9,48,46
11/3/2023,7,1,12,53,53
11/4/2023,9,2,12,55,45
11/5/2023,7,2,8,45,41
11/6/2023,6,2,9,49,50
11/7/2023,6,2,9,53,47
11/8/2023,7,2,9,59,50
11/9/2023,8,2,9,56,49
11/10/2023,7,3,12,59,49
11/11/2023,7,2,11,59,44
11/12/2023,8,0,10,50,47
11/13/2023,6,2,9,50,51
11/14/2023,7,2,10,51,53
11/15/2023,5,3,9,51,55
11/16/2023,7,2,8,52,50
11/17/2023,6,3,10,53,53
11/18/2023,9,2,10,56,47
11/19/2023,9,3,12,49,40
11/20/2023,7,3,10,49,50
11/21/2023,6,2,9,50,51
11/22/2023,7,2,9,51,46
11/23/2023,8,2,9,54,48
11/24/2023,9,2,8,61,55
11/25/2023,7,2,12,70,46
11/26/2023,6,2,10,44,41
11/27/2023,6,2,10,50,47
11/28/2023,6,0,11,46,48
11/29/2023,6,2,10,43,46
11/30/2023,6,2,8,45,46
12/1/2023,8,2,12,53,46
12/2/2023,8,3,12,52,43
12/3/2023,8,2,10,43,41
12/4/2023,7,2,11,48,48
12/5/2023,8,2,9,48,53
12/6/2023,5,2,9,49,52
12/7/2023,7,2,10,51,49
12/8/2023,8,0,12,56,54
12/9/2023,10,2,13,61,48
12/10/2023,9,3,12,52,44
12/11/2023,6,2,11,51,47
12/12/2023,8,2,10,54,49
12/13/2023,8,3,14,57,49
12/14/2023,8,2,12,64,54
12/15/2023,9,0,12,63,54
12/16/2023,9,3,14,66,55
12/17/2023,11,3,16,63,45
12/18/2023,10,2,16,68,57
12/19/2023,11,3,14,71,55
12/20/2023,11,3,18,71,56
12/21/2023,12,4,16,69,54
12/22/2023,15,3,14,71,48
12/23/2023,16,4,18,95,56
12/24/2023,19,4,20,100,54
12/25/2023,17,3,17,73,47
12/26/2023,15,3,14,65,53
12/27/2023,13,3,16,63,57
12/28/2023,11,3,18,58,52
12/29/2023,14,4,15,69,50
12/30/2023,16,3,15,69,60
12/31/2023,16,0,16,63,69
1/1/2024,17,4,15,61,44
1/2/2024,11,3,14,57,41
1/3/2024,12,3,15,57,41
1/4/2024,10,0,12,53,46
1/5/2024,9,2,14,53,49
1/6/2024,8,3,16,52,44
1/7/2024,10,3,14,42,39
1/8/2024,7,2,12,44,44
1/9/2024,6,0,13,41,43
1/10/2024,6,2,12,47,43
1/11/2024,6,0,9,48,41
1/12/2024,5,3,13,48,52
1/13/2024,8,2,12,50,44
1/14/2024,8,2,14,33,36
1/15/2024,6,2,12,46,41
1/16/2024,4,0,12,44,45
1/17/2024,4,2,11,46,45
1/18/2024,4,2,13,44,42
1/19/2024,5,2,10,48,44
1/20/2024,6,2,13,45,42
1/21/2024,6,0,11,43,39
1/22/2024,5,2,11,42,39
1/23/2024,5,0,11,46,44
1/24/2024,5,2,9,42,42
1/25/2024,5,0,8,40,44
1/26/2024,6,0,8,48,51
1/27/2024,7,3,10,48,50
1/28/2024,5,0,9,40,38
1/29/2024,5,3,9,47,45
1/30/2024,6,0,7,46,42
1/31/2024,6,0,8,45,43
2/1/2024,5,0,8,48,44
2/2/2024,4,3,10,49,45
2/3/2024,5,0,12,53,45
2/4/2024,6,0,10,48,35
2/5/2024,8,0,9,50,44
2/6/2024,8,2,8,53,42
2/7/2024,8,0,10,61,46
2/8/2024,8,0,10,76,46
2/9/2024,10,2,7,81,45
2/10/2024,7,0,9,49,39
2/11/2024,6,0,10,33,35
2/12/2024,5,0,7,37,35
2/13/2024,3,0,7,34,37
2/14/2024,5,0,4,28,25
2/15/2024,4,0,8,37,39
2/16/2024,4,0,7,42,45
2/17/2024,5,0,9,43,35
2/18/2024,5,0,11,39,40
2/19/2024,4,3,8,46,43
2/20/2024,2,0,8,44,47
2/21/2024,6,2,5,46,45
2/22/2024,5,0,10,45,44
2/23/2024,4,0,10,48,42
2/24/2024,4,0,8,46,45
2/25/2024,5,0,7,38,41
2/26/2024,3,0,7,48,51
2/27/2024,4,0,6,50,51
2/28/2024,4,2,5,52,47
2/29/2024,3,2,5,46,53
3/1/2024,3,3,8,49,57
3/2/2024,5,0,10,57,48
3/3/2024,4,0,7,38,37
3/4/2024,3,3,7,45,48
3/5/2024,4,2,6,47,47
3/6/2024,3,0,3,50,51
3/7/2024,4,3,6,45,53
3/8/2024,5,0,6,52,48
3/9/2024,4,0,5,42,40
3/10/2024,5,0,6,41,31
3/11/2024,5,2,9,25,33
3/12/2024,0,2,4,31,45
3/13/2024,3,0,4,39,53
3/14/2024,3,0,4,33,53
3/15/2024,2,0,4,36,49
3/16/2024,2,0,4,37,40
3/17/2024,3,0,4,27,36
3/18/2024,3,0,3,39,51
3/19/2024,0,0,3,39,52
3/20/2024,4,0,4,38,56
3/21/2024,3,3,4,35,50
3/22/2024,4,2,6,40,49
3/23/2024,4,0,6,38,43
3/24/2024,4,2,6,35,40
3/25/2024,2,0,6,42,51
3/26/2024,3,0,5,34,47
3/27/2024,2,0,5,42,46
3/28/2024,4,0,3,36,47
3/29/2024,3,0,5,43,39
3/30/2024,4,0,5,41,39
3/31/2024,3,0,5,32,34
4/1/2024,3,3,6,36,44
4/2/2024,4,2,6,37,41
4/3/2024,3,2,3,33,43
4/4/2024,4,0,7,42,42
4/5/2024,3,0,6,38,40
4/6/2024,4,0,7,40,38
4/7/2024,7,0,6,45,40
4/8/2024,8,0,9,50,36
4/9/2024,7,0,8,43,35
4/10/2024,9,5,12,59,41
4/11/2024,17,0,20,90,49
4/12/2024,17,3,22,89,48
4/13/2024,12,0,16,75,44
4/14/2024,9,4,15,49,36
4/15/2024,6,5,12,46,40
4/16/2024,6,3,13,51,41
4/17/2024,5,2,10,47,39
4/18/2024,5,3,10,44,47
4/19/2024,5,0,12,52,53
4/20/2024,5,2,10,43,48
4/21/2024,3,0,11,41,35
4/22/2024,5,2,8,46,50
4/23/2024,5,3,10,47,51
4/24/2024,5,0,9,50,56
4/25/2024,4,3,8,50,46
4/26/2024,4,3,10,53,54
4/27/2024,4,0,10,50,52
4/28/2024,4,0,9,44,46
4/29/2024,4,0,8,45,43
4/30/2024,3,2,7,44,46
5/1/2024,4,0,9,53,42
5/2/2024,5,0,10,56,49
5/3/2024,5,0,11,73,60
5/4/2024,6,3,11,63,54
5/5/2024,5,2,10,48,45
5/6/2024,4,3,9,54,54
5/7/2024,7,3,9,62,52
5/8/2024,6,0,11,62,53
5/9/2024,8,2,15,68,45
5/10/2024,8,2,13,73,67
5/11/2024,8,0,12,57,55
5/12/2024,4,2,11,45,42
5/13/2024,6,2,8,50,54
5/14/2024,4,0,12,48,53
5/15/2024,4,0,11,52,57
5/16/2024,3,0,8,54,55
5/17/2024,5,2,7,56,60
5/18/2024,5,3,11,52,57
5/19/2024,7,2,10,47,46
5/20/2024,5,2,9,54,49
5/21/2024,4,2,10,57,52
5/22/2024,7,2,9,64,55
5/23/2024,8,0,14,73,52
5/24/2024,7,3,11,74,54
5/25/2024,7,0,11,49,48
5/26/2024,5,3,10,39,46
5/27/2024,5,2,10,46,51
5/28/2024,4,0,9,50,57
5/29/2024,4,0,9,48,45
5/30/2024,4,2,12,42,49
5/31/2024,4,0,9,49,55
6/1/2024,6,0,11,49,46
6/2/2024,5,0,9,40,41
6/3/2024,3,2,6,40,48
6/4/2024,3,0,8,49,48
6/5/2024,5,2,7,53,52
6/6/2024,4,2,6,44,53
6/7/2024,3,3,9,55,61
6/8/2024,4,0,10,55,52
6/9/2024,0,3,8,46,49
6/10/2024,5,0,7,54,52
6/11/2024,0,3,8,51,48
6/12/2024,2,2,9,50,54
6/13/2024,5,2,7,47,50
6/14/2024,4,3,9,54,49
6/15/2024,6,3,8,67,48
6/16/2024,8,0,10,60,46
6/17/2024,8,0,10,56,36
6/18/2024,6,3,10,51,46
6/19/2024,4,0,9,53,56
6/20/2024,7,2,8,47,52
6/21/2024,6,3,10,56,57
6/22/2024,5,0,11,62,54
6/23/2024,6,0,10,56,49
6/24/2024,8,2,12,62,53
6/25/2024,6,3,10,64,55
6/26/2024,5,0,12,63,60
6/27/2024,6,0,11,71,62
6/28/2024,7,3,11,73,62
6/29/2024,5,4,13,81,67
6/30/2024,7,3,10,55,51
7/1/2024,9,2,12,68,58
7/2/2024,6,0,10,72,60
7/3/2024,6,3,13,76,57
7/4/2024,6,0,13,81,65
7/5/2024,7,4,12,76,63
7/6/2024,7,0,12,84,60
7/7/2024,5,0,12,60,52
7/8/2024,7,3,12,70,62
7/9/2024,6,0,11,73,63
7/10/2024,6,0,11,63,64
7/11/2024,5,0,9,72,59
7/12/2024,6,2,8,70,67
7/13/2024,5,0,13,64,51
7/14/2024,4,0,10,50,49
7/15/2024,4,3,7,48,53
7/16/2024,3,2,8,56,55
7/17/2024,3,2,8,61,59
7/18/2024,4,0,10,55,64
7/19/2024,3,3,10,68,64
7/20/2024,4,0,10,64,53
7/21/2024,6,0,10,44,49
7/22/2024,4,2,8,54,61
7/23/2024,5,0,6,57,59
7/24/2024,4,3,8,51,51
7/25/2024,3,0,8,55,58
7/26/2024,7,2,9,59,71
7/27/2024,4,2,8,58,58
7/28/2024,5,0,13,43,54
7/29/2024,5,3,10,50,49
7/30/2024,3,2,9,48,54
7/31/2024,4,2,7,52,56
8/1/2024,3,0,9,52,52
8/2/2024,5,0,10,51,54
8/3/2024,5,0,9,55,50
8/4/2024,4,0,8,47,45
8/5/2024,4,2,7,44,55
8/6/2024,4,0,6,46,58
8/7/2024,5,0,7,47,56
8/8/2024,5,0,8,47,49
8/9/2024,5,2,6,51,58
8/10/2024,4,0,10,49,51
8/11/2024,3,0,7,46,44
8/12/2024,3,0,7,45,56
8/13/2024,5,0,9,48,55
8/14/2024,4,0,7,48,47
8/15/2024,5,0,8,49,50
8/16/2024,3,0,8,57,51
8/17/2024,7,0,10,57,47
8/18/2024,6,0,7,41,47
8/19/2024,3,2,9,43,53
8/20/2024,5,0,6,47,56
8/21/2024,3,0,7,47,55
8/22/2024,4,0,7,48,54
8/23/2024,4,0,6,50,61
8/24/2024,4,0,9,54,56
8/25/2024,5,0,11,43,47
8/26/2024,4,0,8,50,51
8/27/2024,4,0,9,49,55
8/28/2024,5,2,7,51,53
8/29/2024,4,2,7,52,53
8/30/2024,4,0,9,60,55
8/31/2024,4,0,13,54,50
9/1/2024,5,0,7,41,45
9/2/2024,5,0,8,45,51
9/3/2024,5,0,7,45,49
9/4/2024,3,2,7,44,51
9/5/2024,4,0,9,45,51
9/6/2024,3,0,10,51,56
9/7/2024,4,0,10,57,51
9/8/2024,6,0,10,46,45
9/9/2024,3,2,9,52,53
9/10/2024,4,0,8,47,51
9/11/2024,4,0,8,60,54
9/12/2024,4,0,10,66,63
9/13/2024,6,2,11,82,64
9/14/2024,7,0,15,100,58
9/15/2024,8,0,12,83,52
9/16/2024,5,3,10,47,49
9/17/2024,3,0,6,35,37
9/18/2024,3,0,5,35,40
9/19/2024,3,0,4,36,37
9/20/2024,3,0,5,40,38
9/21/2024,3,0,4,40,33
9/22/2024,3,0,4,30,30
9/23/2024,2,0,7,37,35
9/24/2024,3,0,5,38,34
9/25/2024,4,0,4,37,38
9/26/2024,4,0,5,39,37
9/27/2024,3,0,5,38,40
9/28/2024,2,0,5,48,32
9/29/2024,0,0,6,33,31
9/30/2024,4,0,5,35,40
10/1/2024,3,0,4,35,36
10/2/2024,4,0,7,33,37
10/3/2024,4,0,4,38,36
10/4/2024,2,0,7,42,39
10/5/2024,3,0,8,35,36
10/6/2024,4,0,5,30,31
10/7/2024,4,0,5,31,40
10/8/2024,4,0,6,32,37
10/9/2024,3,0,5,35,35
10/10/2024,3,0,6,33,33
10/11/2024,2,0,6,41,35
10/12/2024,4,0,5,37,33
10/13/2024,3,0,6,36,33
10/14/2024,4,0,7,43,44
10/15/2024,3,0,4,45,37
10/16/2024,3,0,5,39,36
10/17/2024,3,0,5,34,36
10/18/2024,3,0,6,35,37
10/19/2024,4,0,5,34,33
10/20/2024,4,0,4,30,27
10/21/2024,3,0,5,29,32
10/22/2024,2,0,4,35,34
10/23/2024,4,0,6,32,34
10/24/2024,3,0,6,35,35
10/25/2024,3,0,7,38,39
10/26/2024,3,0,6,37,33
10/27/2024,4,0,5,29,29
10/28/2024,3,0,5,29,33
10/29/2024,2,0,6,33,38
10/30/2024,3,0,4,37,40
10/31/2024,4,0,5,35,36
11/1/2024,4,0,6,38,36
11/2/2024,2,0,6,39,35
11/3/2024,2,0,5,28,26
11/4/2024,2,0,5,31,35
11/5/2024,4,0,6,35,38
11/6/2024,3,0,4,33,37
11/7/2024,3,0,6,37,35
11/8/2024,3,0,5,34,35
11/9/2024,2,0,7,34,30
11/10/2024,4,0,4,29,31
11/11/2024,3,0,5,31,32
11/12/2024,3,0,4,30,35
11/13/2024,3,0,6,33,37
11/14/2024,3,0,5,32,36
11/15/2024,4,0,6,28,38
11/16/2024,3,0,6,31,33
11/17/2024,3,0,6,27,31
11/18/2024,2,0,6,32,41
11/19/2024,2,0,5,31,37
11/20/2024,3,0,4,32,41
11/21/2024,2,0,5,31,36
11/22/2024,3,0,5,31,41
11/23/2024,3,0,6,35,36
11/24/2024,4,0,6,23,32
11/25/2024,4,0,5,31,38
11/26/2024,2,0,4,32,36
11/27/2024,2,0,5,23,28
11/28/2024,3,0,9,37,36
11/29/2024,4,0,8,41,36
11/30/2024,5,0,5,42,35
12/1/2024,3,0,4,34,31
12/2/2024,3,0,5,39,33
12/3/2024,3,0,5,36,39
12/4/2024,5,0,6,37,38
12/5/2024,3,0,4,40,46
12/6/2024,4,0,6,42,42
12/7/2024,4,0,6,38,38
12/8/2024,8,0,5,34,35
12/9/2024,3,0,8,37,39
12/10/2024,5,0,5,38,48
12/11/2024,4,0,6,37,41
12/12/2024,3,2,6,41,46
12/13/2024,3,0,7,43,45
12/14/2024,6,0,6,38,41
12/15/2024,0,0,7,36,35
12/16/2024,5,0,8,42,40
12/17/2024,3,0,6,42,40
12/18/2024,4,0,6,45,39
12/19/2024,4,0,8,46,39
12/20/2024,5,0,7,44,41
12/21/2024,4,0,7,44,36
12/22/2024,6,2,7,42,37
12/23/2024,6,0,8,45,43
12/24/2024,7,0,9,41,45
12/25/2024,7,0,7,48,36
12/26/2024,8,0,7,45,39
12/27/2024,7,0,6,48,36
12/28/2024,6,0,5,40,39
12/29/2024,7,0,7,38,39
12/30/2024,5,0,6,42,46
12/31/2024,5,0,5,34,43
1/1/2025,5,0,8,35,31
1/2/2025,6,0,8,42,33
1/3/2025,5,0,7,42,33
1/4/2025,5,0,7,33,33
1/5/2025,2,0,4,28,28
1/6/2025,3,2,6,31,33
1/7/2025,4,0,4,31,33
1/8/2025,3,0,6,28,31
1/9/2025,3,0,5,29,34
1/10/2025,4,0,5,34,34
1/11/2025,3,0,7,31,33
1/12/2025,2,0,8,24,29
1/13/2025,4,0,7,32,32
1/14/2025,2,0,7,33,35
1/15/2025,3,0,7,32,31
1/16/2025,3,0,6,33,33
1/17/2025,4,0,7,36,37
1/18/2025,3,0,6,33,32
1/19/2025,0,0,6,30,31
1/20/2025,3,0,6,37,35
1/21/2025,3,0,6,34,35
1/22/2025,2,0,6,37,34
1/23/2025,4,0,5,37,35
1/24/2025,2,0,6,46,39
1/25/2025,4,0,8,52,38
1/26/2025,5,0,9,65,35
1/27/2025,7,0,9,55,32
1/28/2025,5,0,5,34,36
1/29/2025,3,0,4,25,29
1/30/2025,0,0,5,31,33
1/31/2025,3,0,3,29,34
2/1/2025,4,0,6,22,29
2/2/2025,0,0,3,21,25
2/3/2025,2,0,3,27,30
2/4/2025,0,0,4,22,36
2/5/2025,4,0,4,100,33
2/6/2025,3,0,4,69,31
2/7/2025,0,0,3,49,35
2/8/2025,2,0,5,42,35
2/9/2025,2,0,4,35,27
2/10/2025,3,0,5,33,30
2/11/2025,2,0,5,31,32
2/12/2025,0,0,3,31,35
2/13/2025,2,0,3,25,33
2/14/2025,3,0,3,33,38
2/15/2025,2,0,4,30,33
2/16/2025,0,0,4,26,29
2/17/2025,0,0,4,27,38
2/18/2025,2,0,3,25,42
2/19/2025,2,0,3,24,45
2/20/2025,0,0,3,27,33
2/21/2025,2,0,3,29,34
2/22/2025,2,0,3,25,32
2/23/2025,0,0,6,22,27
2/24/2025,2,0,4,25,31
2/25/2025,2,0,3,22,30
2/26/2025,0,0,3,21,26
2/27/2025,2,0,2,22,27
2/28/2025,0,0,2,18,22
3/1/2025,0,0,2,19,21
3/2/2025,0,0,2,17,19
3/3/2025,0,0,3,19,31
3/4/2025,0,0,3,21,31
3/5/2025,0,0,0,20,27
3/6/2025,2,0,0,22,32
3/7/2025,2,0,2,25,30
3/8/2025,0,0,3,22,23
3/9/2025,4,0,3,19,22
3/10/2025,0,0,2,21,29
3/11/2025,2,0,3,21,28
3/12/2025,2,0,2,22,33
3/13/2025,0,0,3,21,30
3/14/2025,3,0,3,26,37
3/15/2025,0,0,2,24,24
3/16/2025,2,0,0,20,26
3/17/2025,0,0,4,25,30
3/18/2025,2,0,3,23,28
3/19/2025,3,0,2,24,30
3/20/2025,0,0,0,24,26
3/21/2025,0,0,4,24,24
3/22/2025,0,0,0,23,24
3/23/2025,3,0,2,22,23
3/24/2025,3,0,3,26,29
3/25/2025,3,0,4,22,22
3/26/2025,3,0,4,26,25
3/27/2025,3,0,4,28,23
3/28/2025,3,0,3,30,27
3/29/2025,3,0,4,29,25
3/30/2025,4,0,4,30,24
3/31/2025,6,0,5,36,23
4/1/2025,10,0,8,54,29
4/2/2025,10,0,8,57,33
4/3/2025,7,0,8,47,28
4/4/2025,8,0,9,36,29
4/5/2025,4,0,7,33,23
4/6/2025,3,0,5,26,19
4/7/2025,4,0,6,27,22
4/8/2025,3,0,4,24,23
4/9/2025,3,0,5,27,24
4/10/2025,3,0,5,27,27
4/11/2025,2,0,6,31,27
4/12/2025,2,0,8,26,22
4/13/2025,2,0,6,21,22
4/14/2025,3,0,5,26,28
4/15/2025,3,0,6,27,29
4/16/2025,3,0,3,27,30
4/17/2025,2,0,6,32,30
4/18/2025,3,0,5,37,26
4/19/2025,3,0,6,32,24
4/20/2025,2,0,4,25,26
4/21/2025,3,0,5,27,29
4/22/2025,3,0,5,29,30
4/23/2025,0,0,4,26,31
4/24/2025,3,0,4,30,32
4/25/2025,2,0,5,31,34
4/26/2025,0,0,5,28,27
4/27/2025,2,2,5,25,25
4/28/2025,0,0,5,28,31
4/29/2025,3,0,6,30,27
4/30/2025,3,0,3,27,31
5/1/2025,2,0,5,28,28
5/2/2025,3,0,5,34,33
5/3/2025,3,0,5,33,29
5/4/2025,2,0,7,25,26
5/5/2025,3,0,5,30,30
5/6/2025,3,0,6,28,25
5/7/2025,0,0,4,33,25
5/8/2025,2,0,5,33,27
5/9/2025,3,0,7,38,32
5/10/2025,4,0,5,48,29
5/11/2025,6,0,7,40,26
5/12/2025,5,0,3,30,25
5/13/2025,4,0,6,29,35
5/14/2025,2,0,6,25,28
5/15/2025,3,0,6,27,31
5/16/2025,3,0,6,23,32
5/17/2025,2,2,5,24,25
5/18/2025,0,0,5,20,23
5/19/2025,2,0,5,24,25
5/20/2025,2,0,5,22,30
5/21/2025,3,0,5,23,29
5/22/2025,0,0,4,26,31
5/23/2025,2,0,4,32,30
5/24/2025,2,0,4,24,26
5/25/2025,2,0,4,24,22
5/26/2025,2,0,5,24,29
5/27/2025,3,0,5,27,29
5/28/2025,2,0,4,27,28
5/29/2025,3,0,5,31,27
5/30/2025,3,0,5,31,29
5/31/2025,2,0,4,26,20
6/1/2025,3,0,5,26,25
6/2/2025,2,0,5,25,27
6/3/2025,0,0,4,23,24
6/4/2025,2,0,5,25,28
6/5/2025,0,0,10,40,49
6/6/2025,0,0,10,57,47
6/7/2025,7,0,8,60,50
6/8/2025,6,0,9,49,47
6/9/2025,8,0,9,45,54
6/10/2025,4,0,10,44,55
6/11/2025,5,0,5,56,60
6/12/2025,7,0,9,58,64
6/13/2025,0,0,11,62,59
6/14/2025,5,0,6,51,54
6/15/2025,7,0,11,49,45
6/16/2025,5,0,9,52,62
6/17/2025,7,0,9,60,63
6/18/2025,7,0,10,57,71
6/19/2025,6,0,9,55,64
6/20/2025,3,0,6,62,66
6/21/2025,6,0,8,62,61
6/22/2025,7,0,10,56,51
6/23/2025,5,0,12,71,69
6/24/2025,5,0,10,70,70
6/25/2025,6,0,8,75,76
6/26/2025,9,0,12,84,70
6/27/2025,8,0,12,100,63
6/28/2025,9,0,14,81,61
6/29/2025,8,0,14,60,57
6/30/2025,4,0,13,75,58
7/1/2025,8,0,12,75,64
7/2/2025,7,0,13,76,68
7/3/2025,8,0,9,75,73
7/4/2025,7,0,12,77,70
7/5/2025,6,0,15,85,61
7/6/2025,5,0,13,61,54
7/7/2025,6,0,12,57,65
7/8/2025,7,0,13,67,63
7/9/2025,5,3,11,55,58
7/10/2025,6,0,9,69,63
7/11/2025,5,0,10,62,66
7/12/2025,6,0,8,53,49
7/13/2025,4,0,7,42,46
7/14/2025,4,0,8,54,54
7/15/2025,4,0,6,53,60
7/16/2025,4,0,7,60,61
7/17/2025,4,0,6,54,61
7/18/2025,7,3,8,54,62
7/19/2025,7,0,9,61,55
7/20/2025,5,0,8,40,52
7/21/2025,4,0,7,51,68
7/22/2025,3,0,7,49,71
7/23/2025,5,0,7,46,64
7/24/2025,4,0,8,49,60
7/25/2025,5,0,8,56,78
7/26/2025,0,0,6,45,100
7/27/2025,5,0,5,36,74
7/28/2025,5,0,9,47,77
7/29/2025,6,0,9,47,67
7/30/2025,0,0,8,44,64
7/31/2025,4,0,6,46,63
